{
    "algorand": {
        "bch": 0.00079287,
        "link": 0.01842861,
        "ltc": 0.00373457,
        "eth": 0.00011212,
        "btc": 4.21e-06,
        "bnb": 0.0006056
    },
    "bitcoin": {
        "bch": 188.198,
        "link": 4374,
        "ltc": 886.455,
        "eth": 26.612848,
        "btc": 1.0,
        "bnb": 143.747
    },
    "bitcoin-cash": {
        "bch": 1.0,
        "link": 23.247766,
        "ltc": 4.711179,
        "eth": 0.14143735,
        "btc": 0.00531468,
        "bnb": 0.76396211
    },
    "cardano": {
        "bch": 0.0019557,
        "link": 0.04545653,
        "ltc": 0.0092118,
        "eth": 0.00027655,
        "btc": 1.039e-05,
        "bnb": 0.00149378
    },
    "chainlink": {
        "bch": 0.04302823,
        "link": 1.0,
        "ltc": 0.2026725,
        "eth": 0.00608456,
        "btc": 0.00022863,
        "bnb": 0.03286526
    },
    "dogecoin": {
        "bch": 0.00075677,
        "link": 0.01758958,
        "ltc": 0.00356454,
        "eth": 0.00010701,
        "btc": 4.02e-06,
        "bnb": 0.00057802
    },
    "ethereum": {
        "bch": 7.07178,
        "link": 164.37,
        "ltc": 33.309651,
        "eth": 1.0,
        "btc": 0.0375766,
        "bnb": 5.401474
    },
    "litecoin": {
        "bch": 0.21237885,
        "link": 4.93633,
        "ltc": 1.0,
        "eth": 0.0300322,
        "btc": 0.0011285,
        "bnb": 0.16221643
    },
    "tether": {
        "bch": 0.00192792,
        "link": 0.04481084,
        "ltc": 0.00908095,
        "eth": 0.00027263,
        "btc": 1.024e-05,
        "bnb": 0.00147256
    }
}